YEAR BUILT,PROPERTY TYPE,CURRENT BUILDING EVAL SCORE,LATITUDE,LONGITUDE
1805,PRIVATE,87,43.657052831,-79.398070766
1838,PRIVATE,89,43.6591658607,-79.3715926671
1885,PRIVATE,89,43.659551551,-79.372639262
1885,PRIVATE,93,43.649450698,-79.435105646
1888,PRIVATE,90,43.665633289,-79.368248349
1890,PRIVATE,77,43.669877229,-79.403530164
1898,PRIVATE,68,43.666610495,-79.400824313
1900,PRIVATE,76,43.6683620869,-79.3786856506
1900,PRIVATE,78,43.710106124,-79.40052975
1900,PRIVATE,66,43.672241558,-79.414621827
1900,PRIVATE,83,43.6380072384,-79.4380349647
1900,PRIVATE,78,43.6364714077,-79.4388819579
1900,PRIVATE,70,43.636657078,-79.440488524
1904,PRIVATE,85,43.661081408,-79.412672813
1905,PRIVATE,81,43.672755617,-79.288300453
1905,PRIVATE,77,43.668834904,-79.404273749
1905,PRIVATE,91,43.653182785,-79.429268774
1907,PRIVATE,65,43.66211133,-79.412263301
1909,PRIVATE,97,43.664610347,-79.382107604
1910,PRIVATE,99,43.667037433,-79.381704336
1910,PRIVATE,96,43.668007452,-79.382076109
1910,PRIVATE,82,43.678231531,-79.440608667
1911,PRIVATE,95,43.663780728,-79.413601152
1911,PRIVATE,87,43.649350674,-79.429532272
1911,PRIVATE,76,43.649465465,-79.432097969
1912,PRIVATE,89,43.648423856,-79.424019412
1912,PRIVATE,77,43.639607448,-79.440903239
1913,PRIVATE,72,43.675054533,-79.433043883
1915,PRIVATE,89,43.671655465,-79.323701099
1915,PRIVATE,89,43.691863282,-79.396100397
1917,PRIVATE,79,43.668954869,-79.380480475
1917,PRIVATE,87,43.636238103,-79.439018826
1917,PRIVATE,75,43.6396109365,-79.4394716965
1918,PRIVATE,94,43.667969229,-79.378215831
1918,PRIVATE,66,43.690628939,-79.400166183
1918,PRIVATE,74,43.690570503,-79.400460705
1918,PRIVATE,90,43.680695002,-79.416986377
1919,PRIVATE,72,43.668063591,-79.413898107
1920,PRIVATE,89,43.6746856483,-79.2801413313
1920,PRIVATE,75,43.67317576,-79.283928255
1920,PRIVATE,74,43.673119009,-79.284093491
1920,PRIVATE,65,43.67304043,-79.284311709
1920,PRIVATE,80,43.672662921,-79.286123968
1920,PRIVATE,74,43.672483295,-79.2865449683
1920,PRIVATE,76,43.6726703072,-79.2866950453
1920,PRIVATE,70,43.672498883,-79.286873829
1920,PRIVATE,81,43.66676056,-79.352874184
1920,PRIVATE,89,43.659043133,-79.373055668
1920,PRIVATE,97,43.664540632,-79.382321075
1920,PRIVATE,86,43.6660925039,-79.3867723149
1920,PRIVATE,84,43.705449145,-79.40329655
1920,PRIVATE,78,43.672858863,-79.411257309
1920,PRIVATE,89,43.6842405143,-79.4116176413
1920,PRIVATE,88,43.6840547809,-79.4209132292
1920,PRIVATE,92,43.6868381071,-79.4220275431
1920,PRIVATE,90,43.682089803,-79.422328611
1920,PRIVATE,92,43.6862874018,-79.4225082434
1921,PRIVATE,81,43.663704356,-79.327142442
1921,PRIVATE,94,43.6806801343,-79.4292316793
1922,PRIVATE,90,43.673396363,-79.356605081
1922,PRIVATE,64,43.639101299,-79.44211187
1923,PRIVATE,87,43.671968236,-79.29178994
1923,PRIVATE,98,43.667755897,-79.373027782
1923,PRIVATE,99,43.663884679,-79.382638254
1923,PRIVATE,75,43.688928335,-79.412029113
1923,PRIVATE,72,43.6593044,-79.438898745
1924,PRIVATE,65,43.652353021,-79.426228273
1925,PRIVATE,81,43.680389257,-79.286121359
1925,PRIVATE,78,43.680340603,-79.28634129
1925,PRIVATE,89,43.672159624,-79.288297385
1925,PRIVATE,76,43.6684598397,-79.3083945127
1925,PRIVATE,76,43.668032007,-79.377921381
1925,PRIVATE,91,43.680405146,-79.399282271
1925,PRIVATE,88,43.688801405,-79.410854956
1925,PRIVATE,54,43.682584046,-79.425180892
1926,PRIVATE,74,43.68105642,-79.333142397
1926,PRIVATE,89,43.665534142,-79.380527505
1926,PRIVATE,92,43.6874952579,-79.3985597973
1926,PRIVATE,91,43.682688955,-79.400601618
1926,PRIVATE,90,43.6855675188,-79.4196915676
1926,PRIVATE,89,43.6859949954,-79.4198611438
1926,PRIVATE,79,43.6880599836,-79.4241419779
1926,PRIVATE,75,43.659758114,-79.434864769
1927,PRIVATE,81,43.6703285166,-79.302100905
1927,PRIVATE,85,43.690921109,-79.342650483
1927,PRIVATE,83,43.663016124,-79.375476419
1927,PRIVATE,95,43.664758213,-79.381484242
1927,PRIVATE,93,43.6663961492,-79.3863015962
1927,PRIVATE,77,43.655410321,-79.395355053
1927,PRIVATE,82,43.691667031,-79.396207889
1927,PRIVATE,88,43.689202016,-79.411218672
1927,PRIVATE,91,43.68917555,-79.411401114
1927,PRIVATE,58,43.682454983,-79.425041007
1928,PRIVATE,82,43.669096797,-79.291125075
1928,PRIVATE,87,43.67114612,-79.293656455
1928,PRIVATE,99,43.666774294,-79.376956773
1928,PRIVATE,96,43.66681502,-79.377171097
1928,PRIVATE,89,43.665272853,-79.378302265
1928,PRIVATE,99,43.66541625,-79.37835478
1928,PRIVATE,89,43.66528769,-79.378618457
1928,PRIVATE,89,43.664826368,-79.381189137
1928,PRIVATE,75,43.668322729,-79.381302256
1928,PRIVATE,96,43.66485273,-79.381363791
1928,PRIVATE,91,43.667322783,-79.383099364
1928,PRIVATE,87,43.682095678,-79.400866283
1928,PRIVATE,88,43.682181393,-79.419497914
1928,PRIVATE,69,43.6844655265,-79.4205577721
1929,PRIVATE,86,43.6596564148,-79.3760533854
1929,PRIVATE,68,43.665901023,-79.381806918
1929,PRIVATE,87,43.691956596,-79.39570523
1929,PRIVATE,100,43.683582922,-79.400753772
1929,PRIVATE,98,43.7221803609,-79.4019572219
1929,PRIVATE,92,43.6842251422,-79.4217235507
1929,PRIVATE,95,43.684541083,-79.4218295295
1929,PRIVATE,71,43.6804983237,-79.4302086848
1929,PRIVATE,85,43.679681068,-79.433946431
1930,PRIVATE,72,43.672312017,-79.287748332
1930,PRIVATE,75,43.683540664,-79.303119349
1930,PRIVATE,77,43.666831284,-79.315638971
1930,PRIVATE,93,43.663338169,-79.363690877
1930,PRIVATE,88,43.658966191,-79.373018745
1930,PRIVATE,77,43.7029512593,-79.3889169498
1930,PRIVATE,81,43.708337092,-79.392297556
1930,PRIVATE,93,43.685742821,-79.3945524551
1930,PRIVATE,93,43.68736014,-79.395934692
1930,PRIVATE,85,43.692681862,-79.396819192
1930,PRIVATE,70,43.702327897,-79.39779527
1930,PRIVATE,85,43.713530331,-79.398012046
1930,PRIVATE,88,43.713477488,-79.398290281
1930,PRIVATE,91,43.713358222,-79.398875082
1930,PRIVATE,89,43.719945154,-79.400723312
1930,PRIVATE,89,43.704458501,-79.406220747
1930,PRIVATE,90,43.6838687867,-79.4195252929
1930,PRIVATE,87,43.6839669504,-79.4195812784
1930,PRIVATE,84,43.6628515298,-79.4210660752
1930,PRIVATE,81,43.6873886469,-79.4223427951
1930,PRIVATE,84,43.7009995731,-79.4241109809
1930,PRIVATE,86,43.6844296831,-79.4244100118
1930,PRIVATE,87,43.6621204502,-79.4285552093
1930,PRIVATE,88,43.679604386,-79.434318956
1930,PRIVATE,89,43.679556649,-79.434507969
1930,PRIVATE,84,43.6367650301,-79.4389483513
1931,PRIVATE,99,43.672596542,-79.354244373
1931,PRIVATE,87,43.6617262315,-79.3719593369
1931,PRIVATE,88,43.666828881,-79.377465578
1931,PRIVATE,96,43.681922414,-79.399892991
1931,PRIVATE,80,43.6882314978,-79.4129731553
1931,PRIVATE,85,43.635897529,-79.432069219
1932,PRIVATE,86,43.6754276016,-79.277427743
1932,PRIVATE,94,43.674568931,-79.279856653
1932,PRIVATE,92,43.6849625997,-79.4194565721
1932,PRIVATE,84,43.6851006268,-79.4195107328
1932,PRIVATE,90,43.643424173,-79.425313227
1933,PRIVATE,83,43.6845459232,-79.4192018121
1934,PRIVATE,30,43.672231477,-79.310292507
1934,PRIVATE,100,43.6654105039,-79.3734599636
1934,PRIVATE,89,43.691498395,-79.394776135
1934,PRIVATE,91,43.693696206,-79.396743559
1935,PRIVATE,86,43.705544597,-79.402852447
1935,PRIVATE,84,43.689292945,-79.413320297
1935,PRIVATE,83,43.642859163,-79.431385378
1937,PRIVATE,92,43.6747748062,-79.2796021139
1937,PRIVATE,94,43.6746605464,-79.2797118492
1937,PRIVATE,76,43.687792561,-79.397433948
1937,PRIVATE,85,43.687102147,-79.420635756
1938,PRIVATE,78,43.687399651,-79.398937696
1938,PRIVATE,83,43.686006092,-79.417750526
1938,PRIVATE,81,43.68592338,-79.418139695
1938,PRIVATE,93,43.685882132,-79.418348616
1938,PRIVATE,80,43.6879366847,-79.4236664523
1939,PRIVATE,67,43.704097821,-79.365180559
1939,PRIVATE,86,43.6883914125,-79.4208539018
1939,PRIVATE,90,43.636137103,-79.429522246
1940,PRIVATE,78,43.68817271,-79.269435846
1940,PRIVATE,75,43.687961104,-79.269766888
1940,PRIVATE,88,43.688219097,-79.269800533
1940,PRIVATE,85,43.687794468,-79.270325262
1940,PRIVATE,86,43.687651655,-79.270543261
1940,PRIVATE,82,43.6783240562,-79.2996212727
1940,PRIVATE,83,43.7077653626,-79.3010798031
1940,PRIVATE,80,43.6972667157,-79.3072954305
1940,PRIVATE,80,43.6972709992,-79.3716069474
1940,PRIVATE,90,43.667324785,-79.380970345
1940,PRIVATE,80,43.713606404,-79.397782703
1940,PRIVATE,67,43.716861761,-79.400725208
1940,PRIVATE,91,43.705869232,-79.401343877
1940,PRIVATE,73,43.722781904,-79.4147683838
1940,PRIVATE,80,43.685357359,-79.419609008
1940,PRIVATE,92,43.686324034,-79.419978065
1940,PRIVATE,89,43.686490551,-79.420049931
1940,PRIVATE,93,43.6837967555,-79.4215781204
1940,PRIVATE,96,43.688844282,-79.425852061
1941,PRIVATE,81,43.725849397,-79.401345968
1941,PRIVATE,86,43.695042733,-79.423481948
1943,PRIVATE,83,43.6856480126,-79.4188899965
1944,PRIVATE,78,43.71515813,-79.359256459
1945,PRIVATE,83,43.714859025,-79.36014009
1945,PRIVATE,99,43.758987273,-79.403808031
1945,PRIVATE,98,43.758838149,-79.404040398
1945,PRIVATE,91,43.758770542,-79.404411871
1945,PRIVATE,98,43.75869476,-79.404771805
1945,PRIVATE,97,43.758599533,-79.405110246
1945,PRIVATE,92,43.758631647,-79.405405385
1947,PRIVATE,70,43.711639,-79.394802088
1947,PRIVATE,79,43.6843811107,-79.4210952142
1948,PRIVATE,98,43.671964764,-79.374579123
1948,PRIVATE,78,43.6783605408,-79.3950701921
1948,PRIVATE,94,43.698921374,-79.40575322
1948,PRIVATE,88,43.687855329,-79.420634096
1949,PRIVATE,87,43.6839132294,-79.276016525
1949,PRIVATE,82,43.742014423,-79.4373039157
1949,PRIVATE,88,43.7422145294,-79.437433562
1950,PRIVATE,81,43.690864521,-79.265477585
1950,PRIVATE,88,43.690864521,-79.265477585
1950,PRIVATE,84,43.6749404991,-79.279202734
1950,PRIVATE,71,43.7606277472,-79.289722515
1950,PRIVATE,79,43.708358407,-79.3011672055
1950,PRIVATE,90,43.722668083,-79.306350662
1950,PRIVATE,95,43.7087775531,-79.310012242
1950,PRIVATE,90,43.6866220791,-79.3348314458
1950,PRIVATE,90,43.7330607404,-79.340845323
1950,PRIVATE,88,43.7388622795,-79.3416192822
1950,PRIVATE,88,43.733517472,-79.341726092
1950,PRIVATE,92,43.739344531,-79.3421666276
1950,PRIVATE,99,43.691914578,-79.342942945
1950,PRIVATE,83,43.737742938,-79.343010941
1950,PRIVATE,85,43.738740299,-79.3434691076
1950,PRIVATE,100,43.6923348201,-79.3435916097
1950,PRIVATE,88,43.67785486,-79.358814152
1950,PRIVATE,95,43.678047094,-79.35889862
1950,PRIVATE,99,43.676613159,-79.3697198649
1950,PRIVATE,85,43.6985850004,-79.3720164996
1950,PRIVATE,85,43.675879096,-79.373384913
1950,PRIVATE,81,43.704214042,-79.373842189
1950,PRIVATE,87,43.6740184548,-79.3778037961
1950,PRIVATE,88,43.728243017,-79.398104988
1950,PRIVATE,84,43.718811663,-79.401166452
1950,PRIVATE,80,43.705683574,-79.402178392
1950,PRIVATE,85,43.699334797,-79.40593461
1950,PRIVATE,73,43.686606905,-79.42001302
1950,PRIVATE,88,43.701892029,-79.420288428
1950,PRIVATE,91,43.740401247,-79.4209043268
1950,PRIVATE,97,43.7414140473,-79.4211970066
1950,PRIVATE,82,43.6846976154,-79.4212142152
1950,PRIVATE,90,43.685885734,-79.4229628704
1950,PRIVATE,93,43.694581164,-79.423543998
1950,PRIVATE,79,43.6528825044,-79.4321278569
1950,PRIVATE,92,43.731057278,-79.4337815
1950,PRIVATE,93,43.730928508,-79.433908943
1950,PRIVATE,87,43.730975673,-79.4363599981
1950,PRIVATE,85,43.736205215,-79.44139433
1951,PRIVATE,84,43.7115823084,-79.307772958
1951,PRIVATE,82,43.7114376749,-79.3078956606
1951,PRIVATE,79,43.711282299,-79.3080213624
1951,PRIVATE,67,43.7111330736,-79.3081363101
1951,PRIVATE,70,43.7109797077,-79.3082535422
1951,PRIVATE,96,43.7091921136,-79.3096855497
1951,PRIVATE,83,43.7089625626,-79.3097891975
1951,PRIVATE,85,43.7092735859,-79.3104170385
1951,PRIVATE,77,43.6576935815,-79.3718742304
1951,PRIVATE,75,43.7238625563,-79.4167257384
1951,PRIVATE,89,43.7030609955,-79.4261250612
1951,PRIVATE,83,43.7425559066,-79.436710293
1951,PRIVATE,51,43.678247289,-79.440459346
1952,PRIVATE,90,43.710464421,-79.289768607
1952,PRIVATE,90,43.710358471,-79.290289103
1952,PRIVATE,76,43.6972925811,-79.3074870563
1952,PRIVATE,76,43.687577379,-79.348481091
1952,PRIVATE,87,43.686670483,-79.374860081
1952,PRIVATE,86,43.688177664,-79.401518522
1952,PRIVATE,82,43.709488115,-79.402619009
1952,PRIVATE,91,43.696978593,-79.404812013
1952,PRIVATE,85,43.69920941,-79.40587277
1952,PRIVATE,95,43.7019615716,-79.4227024565
1952,PRIVATE,76,43.733057329,-79.435090946
1952,PRIVATE,88,43.736611247,-79.439571975
1952,PRIVATE,87,43.736271595,-79.44053564
1953,PRIVATE,66,43.7048505726,-79.2968176488
1953,PRIVATE,84,43.7119832675,-79.307464316
1953,PRIVATE,86,43.7118457801,-79.3075659646
1953,PRIVATE,89,43.7117264202,-79.3076717608
1953,PRIVATE,83,43.703054654,-79.310513888
1953,PRIVATE,96,43.703363564,-79.310527323
1953,PRIVATE,88,43.703301637,-79.310988273
1953,PRIVATE,96,43.6978411603,-79.3717629159
1953,PRIVATE,94,43.6980343959,-79.3718344399
1953,PRIVATE,90,43.705024326,-79.425827726
1953,PRIVATE,83,43.7074440123,-79.4262923027
1953,PRIVATE,91,43.7209195951,-79.432960657
1954,PRIVATE,89,43.7371458262,-79.2565312101
1954,PRIVATE,90,43.7359936436,-79.2687949142
1954,PRIVATE,96,43.6747570284,-79.2771547349
1954,PRIVATE,94,43.6747570284,-79.2771547349
1954,PRIVATE,93,43.6747055108,-79.2773893392
1954,PRIVATE,93,43.6746668318,-79.2776535124
1954,PRIVATE,95,43.6746668318,-79.2776535124
1954,PRIVATE,95,43.6753306295,-79.2779449422
1954,PRIVATE,91,43.687387146,-79.283618564
1954,PRIVATE,89,43.7290082864,-79.3040288132
1954,PRIVATE,77,43.7297667593,-79.3043160261
1954,PRIVATE,81,43.7303493806,-79.3045356684
1954,PRIVATE,83,43.732195062,-79.3052538634
1954,PRIVATE,91,43.7354870834,-79.3066470427
1954,PRIVATE,83,43.7091752019,-79.3105723901
1954,PRIVATE,90,43.6903808073,-79.3529674197
1954,PRIVATE,86,43.714141454,-79.363440204
1954,PRIVATE,78,43.71394552,-79.364462065
1954,PRIVATE,91,43.6964257075,-79.3720363989
1954,PRIVATE,82,43.691392389,-79.392540864
1954,PRIVATE,91,43.7180269,-79.401034541
1954,PRIVATE,96,43.709999677,-79.402480561
1954,PRIVATE,93,43.702931813,-79.415148542
1954,PRIVATE,83,43.689065755,-79.419580207
1954,PRIVATE,81,43.721948279,-79.433346456
1954,PRIVATE,71,43.718310388,-79.435578125
1954,PRIVATE,72,43.743260449,-79.4368250474
1954,PRIVATE,84,43.7434226552,-79.4370080631
1955,PRIVATE,94,43.727425208,-79.2987499996
1955,PRIVATE,92,43.7280385906,-79.298841109
1955,PRIVATE,94,43.7276976882,-79.2994488565
1955,PRIVATE,96,43.7284154866,-79.3006056472
1955,PRIVATE,95,43.70796583,-79.302427359
1955,PRIVATE,90,43.7273459768,-79.3025559656
1955,PRIVATE,95,43.7290550556,-79.3049498934
1955,PRIVATE,95,43.7284796451,-79.3050102685
1955,PRIVATE,92,43.7282648735,-79.3058539405
1955,PRIVATE,96,43.7279966031,-79.3068020912
1955,PRIVATE,76,43.7025056164,-79.3120345151
1955,PRIVATE,97,43.69086838,-79.343018227
1955,PRIVATE,94,43.702214085,-79.34780065
1955,PRIVATE,94,43.6892545764,-79.3481301211
1955,PRIVATE,98,43.6907938758,-79.3550051135
1955,PRIVATE,97,43.6589253856,-79.3715946717
1955,PRIVATE,93,43.674157704,-79.385724268
1955,PRIVATE,88,43.7088608349,-79.38577257
1955,PRIVATE,42,43.689555816,-79.3860183305
1955,PRIVATE,99,43.70726196,-79.392157865
1955,PRIVATE,97,43.694335654,-79.397560276
1955,PRIVATE,96,43.687758789,-79.399725515
1955,PRIVATE,93,43.687281699,-79.399728153
1955,PRIVATE,94,43.688285503,-79.399898958
1955,PRIVATE,78,43.688402926,-79.401606294
1955,PRIVATE,85,43.723761725,-79.402367148
1955,PRIVATE,78,43.6964637317,-79.4032380661
1955,PRIVATE,93,43.705039078,-79.405292084
1955,PRIVATE,86,43.686956506,-79.420413193
1955,PRIVATE,82,43.6869765748,-79.4221588918
1955,PRIVATE,76,43.6865568405,-79.422647444
1955,PRIVATE,95,43.6873436223,-79.4236433658
1955,PRIVATE,89,43.7390527397,-79.4243280269
1955,PRIVATE,91,43.6500598617,-79.4285544502
1955,PRIVATE,96,43.650247254,-79.428597853
1955,PRIVATE,94,43.7237073315,-79.4303236253
1955,PRIVATE,92,43.7239351487,-79.4303884781
1955,PRIVATE,99,43.675625786,-79.433405009
1955,PRIVATE,87,43.6988240231,-79.4343514595
1955,PRIVATE,88,43.636155565,-79.435158153
1955,PRIVATE,92,43.6884054492,-79.4358516608
1955,PRIVATE,90,43.636668486,-79.436114356
1955,PRIVATE,84,43.7303895479,-79.4363698619
1955,PRIVATE,90,43.7419930803,-79.4364254778
1955,PRIVATE,89,43.7421552614,-79.4365679609
1955,PRIVATE,89,43.743072408,-79.4368800635
1955,PRIVATE,84,43.7418342537,-79.4371971572
1955,PRIVATE,98,43.6357677908,-79.4377979997
1955,PRIVATE,95,43.7022080434,-79.4400323266
1955,PRIVATE,65,43.701461008,-79.440472942
1956,PRIVATE,98,43.754044974,-79.265154241
1956,PRIVATE,92,43.759693301,-79.289071527
1956,PRIVATE,86,43.722488216,-79.2987114556
1956,PRIVATE,89,43.7085088591,-79.2998972117
1956,PRIVATE,80,43.708477676,-79.3002028238
1956,PRIVATE,90,43.7274308243,-79.3009591644
1956,PRIVATE,89,43.726834232,-79.3021111159
1956,PRIVATE,91,43.6778956947,-79.3088113763
1956,PRIVATE,95,43.685070585,-79.342353617
1956,PRIVATE,91,43.7387840807,-79.3424492566
1956,PRIVATE,89,43.689964772,-79.3476769455
1956,PRIVATE,80,43.704897465,-79.361903925
1956,PRIVATE,89,43.674781847,-79.38361137
1956,PRIVATE,77,43.7077721579,-79.3852319597
1956,PRIVATE,89,43.685675216,-79.416929405
1956,PRIVATE,95,43.7399203058,-79.4200552723
1956,PRIVATE,85,43.7083504804,-79.4265525477
1956,PRIVATE,78,43.732579372,-79.43469867
1956,PRIVATE,87,43.635394732,-79.434902995
1956,PRIVATE,75,43.732489237,-79.434967025
1956,PRIVATE,98,43.7311946993,-79.4353275935
1956,PRIVATE,88,43.636923954,-79.436212784
1956,PRIVATE,82,43.7424088558,-79.4365679178
1956,PRIVATE,70,43.7301212379,-79.4376331135
1956,PRIVATE,84,43.732486121,-79.437718612
1956,PRIVATE,69,43.7307078351,-79.4377714103
1956,PRIVATE,80,43.7300610328,-79.4379110526
1957,PRIVATE,86,43.75259236,-79.261009026
1957,PRIVATE,88,43.752739742,-79.261076892
1957,PRIVATE,94,43.728810664,-79.2674784317
1957,PRIVATE,82,43.6748716677,-79.2794749048
1957,PRIVATE,89,43.674434569,-79.379291222
1957,PRIVATE,86,43.674407746,-79.379741579
1957,PRIVATE,92,43.695475395,-79.39853936
1957,PRIVATE,84,43.726185855,-79.402998395
1957,PRIVATE,98,43.726389083,-79.403108426
1957,PRIVATE,90,43.7260668342,-79.4036329242
1957,PRIVATE,92,43.681900098,-79.405861723
1957,PRIVATE,82,43.7031541679,-79.4167347676
1957,PRIVATE,96,43.6366349836,-79.4276516523
1957,PRIVATE,88,43.6378675818,-79.4294602213
1957,PRIVATE,80,43.7312468474,-79.4350947761
1957,PRIVATE,88,43.689882743,-79.435179809
1957,PRIVATE,75,43.732993608,-79.435337662
1957,PRIVATE,67,43.7308261841,-79.4370615952
1957,PRIVATE,79,43.731732755,-79.438166679
1957,PRIVATE,81,43.731256414,-79.438819074
1957,PRIVATE,82,43.731503933,-79.438923714
1958,PRIVATE,90,43.7350794611,-79.2480505493
1958,PRIVATE,92,43.7281374387,-79.2656668508
1958,PRIVATE,86,43.7287077114,-79.2659054509
1958,PRIVATE,91,43.7234871181,-79.2660288594
1958,PRIVATE,94,43.703984006,-79.297455687
1958,PRIVATE,88,43.7270708607,-79.3014572881
1958,PRIVATE,96,43.7343053211,-79.307065705
1958,PRIVATE,93,43.7093915455,-79.3103269723
1958,PRIVATE,65,43.668927772,-79.315350573
1958,PRIVATE,85,43.675718937,-79.3175243078
1958,PRIVATE,89,43.7275858638,-79.3190299977
1958,PRIVATE,95,43.73795553,-79.344349052
1958,PRIVATE,93,43.6896822346,-79.3460278101
1958,PRIVATE,91,43.6891811387,-79.3538144471
1958,PRIVATE,71,43.715203739,-79.359687151
1958,PRIVATE,84,43.71442413,-79.362206452
1958,PRIVATE,94,43.769190713,-79.379327637
1958,PRIVATE,84,43.708920433,-79.384300946
1958,PRIVATE,86,43.712405306,-79.397432102
1958,PRIVATE,86,43.673524685,-79.402146258
1958,PRIVATE,97,43.7772192847,-79.4056901846
1958,PRIVATE,84,43.669364101,-79.407141875
1958,PRIVATE,80,43.687311357,-79.423463821
1958,PRIVATE,97,43.726271603,-79.431876054
1958,PRIVATE,97,43.733380914,-79.43358678
1958,PRIVATE,76,43.7449473955,-79.4355426861
1958,PRIVATE,95,43.7428392461,-79.4358673585
1958,PRIVATE,80,43.6890952984,-79.4358713128
1958,PRIVATE,94,43.7437026681,-79.4360783017
1958,PRIVATE,85,43.6378411067,-79.4395051216
1958,PRIVATE,74,43.735937772,-79.439651849
1958,PRIVATE,74,43.698110145,-79.440043712
1959,PRIVATE,95,43.729247112,-79.256767774
1959,PRIVATE,96,43.729247112,-79.256767774
1959,PRIVATE,93,43.6960744656,-79.2646078047
1959,PRIVATE,92,43.7092676432,-79.2670048703
1959,PRIVATE,88,43.685487692,-79.27497005
1959,PRIVATE,69,43.706994795,-79.295836771
1959,PRIVATE,94,43.7059714885,-79.2960157018
1959,PRIVATE,85,43.7284977107,-79.2991802272
1959,PRIVATE,76,43.7305607276,-79.3055621564
1959,PRIVATE,94,43.7433324856,-79.3097740889
1959,PRIVATE,86,43.7099171147,-79.309915823
1959,PRIVATE,93,43.7441147474,-79.310048062
1959,PRIVATE,97,43.729582726,-79.342147167
1959,PRIVATE,99,43.735948407,-79.342481853
1959,PRIVATE,97,43.736543344,-79.342621785
1959,PRIVATE,98,43.690768756,-79.343386205
1959,PRIVATE,89,43.690409504,-79.345192362
1959,PRIVATE,90,43.7037023569,-79.3467690026
1959,PRIVATE,90,43.7096715692,-79.3877050261
1959,PRIVATE,89,43.672819085,-79.395361896
1959,PRIVATE,97,43.689904882,-79.398621601
1959,PRIVATE,93,43.689842541,-79.398960779
1959,PRIVATE,93,43.689525789,-79.399154737
1959,PRIVATE,85,43.665065952,-79.4034815
1959,PRIVATE,87,43.6856691737,-79.4040338654
1959,PRIVATE,99,43.7522561858,-79.4046460528
1959,PRIVATE,99,43.7529197389,-79.4048046905
1959,PRIVATE,86,43.685428165,-79.409063969
1959,PRIVATE,93,43.6847612919,-79.4193183625
1959,PRIVATE,95,43.7404203378,-79.4237155283
1959,PRIVATE,90,43.705178016,-79.425108275
1959,PRIVATE,92,43.7030025746,-79.4254211861
1959,PRIVATE,93,43.6358852908,-79.4287210164
1959,PRIVATE,90,43.634808178,-79.434763919
1959,PRIVATE,87,43.634373643,-79.435343202
1959,PRIVATE,86,43.635705894,-79.436502748
1959,PRIVATE,95,43.7579977095,-79.4369177756
1959,PRIVATE,92,43.731860222,-79.437462746
1959,PRIVATE,80,43.7022933387,-79.4396596089
1959,PRIVATE,78,43.7746707581,-79.4407135856
1960,PRIVATE,96,43.756000502,-79.240912837
1960,PRIVATE,97,43.7401259268,-79.2429318294
1960,PRIVATE,84,43.701030915,-79.25119809
1960,PRIVATE,93,43.6922338982,-79.2630193825
1960,PRIVATE,92,43.7335331794,-79.2693313625
1960,PRIVATE,92,43.7105768969,-79.2702122358
1960,PRIVATE,88,43.7107990699,-79.2702992344
1960,PRIVATE,89,43.73995556,-79.270578917
1960,PRIVATE,91,43.7127945342,-79.2713034993
1960,PRIVATE,91,43.7306169901,-79.271727231
1960,PRIVATE,88,43.7318415798,-79.2729961142
1960,PRIVATE,89,43.7316750326,-79.2734533673
1960,PRIVATE,94,43.730088232,-79.274600978
1960,PRIVATE,90,43.7569401059,-79.2882167684
1960,PRIVATE,91,43.695541815,-79.296047547
1960,PRIVATE,63,43.704347801,-79.297293072
1960,PRIVATE,88,43.680371012,-79.299397904
1960,PRIVATE,87,43.7076426726,-79.3016697664
1960,PRIVATE,97,43.7075826149,-79.3019433825
1960,PRIVATE,73,43.707880094,-79.302844655
1960,PRIVATE,75,43.693721495,-79.303248784
1960,PRIVATE,89,43.7309861519,-79.3047834793
1960,PRIVATE,87,43.6737471581,-79.3071214297
1960,PRIVATE,89,43.7420240548,-79.3085552863
1960,PRIVATE,78,43.7475988109,-79.3111844084
1960,PRIVATE,96,43.727010393,-79.3140806139
1960,PRIVATE,88,43.7269110332,-79.3147057039
1960,PRIVATE,95,43.7525195774,-79.3152926734
1960,PRIVATE,87,43.7269029771,-79.3160560854
1960,PRIVATE,86,43.7270536549,-79.3169518381
1960,PRIVATE,93,43.763822497,-79.317441538
1960,PRIVATE,83,43.7266882298,-79.3178088353
1960,PRIVATE,80,43.7279658085,-79.3179887258
1960,PRIVATE,78,43.6728164425,-79.3184832171
1960,PRIVATE,90,43.717046695,-79.33008018
1960,PRIVATE,96,43.7353799948,-79.3409353127
1960,PRIVATE,93,43.7357778684,-79.3410317074
1960,PRIVATE,88,43.7040327966,-79.3417955997
1960,PRIVATE,91,43.73550645,-79.342341972
1960,PRIVATE,93,43.704388503,-79.343145328
1960,PRIVATE,86,43.7389927297,-79.3435489971
1960,PRIVATE,97,43.7032015325,-79.3458301347
1960,PRIVATE,82,43.7025432153,-79.3472542795
1960,PRIVATE,81,43.7029007633,-79.3484372243
1960,PRIVATE,87,43.736202426,-79.34939102
1960,PRIVATE,73,43.7361423501,-79.3497718848
1960,PRIVATE,76,43.6867361824,-79.3548678509
1960,PRIVATE,82,43.704142239,-79.366275358
1960,PRIVATE,100,43.6618943157,-79.3721159385
1960,PRIVATE,92,43.663298218,-79.373807891
1960,PRIVATE,74,43.709007221,-79.376131167
1960,PRIVATE,89,43.663901127,-79.376612139
1960,PRIVATE,95,43.669152717,-79.376810925
1960,PRIVATE,80,43.664763936,-79.378128487
1960,PRIVATE,96,43.668593704,-79.378214229
1960,PRIVATE,95,43.710464696,-79.378584796
1960,PRIVATE,93,43.665644236,-79.379551747
1960,PRIVATE,91,43.666242047,-79.379864214
1960,PRIVATE,87,43.668460296,-79.379959886
1960,PRIVATE,90,43.667381729,-79.382697967
1960,PRIVATE,94,43.668324,-79.383444564
1960,PRIVATE,93,43.709864206,-79.384723421
1960,PRIVATE,92,43.691958774,-79.392829505
1960,PRIVATE,74,43.716980201,-79.400164813
1960,PRIVATE,94,43.670260332,-79.40054649
1960,PRIVATE,88,43.720768502,-79.40097412
1960,PRIVATE,95,43.7269710792,-79.4040459316
1960,PRIVATE,87,43.700640322,-79.406500628
1960,PRIVATE,74,43.6678896371,-79.406592558
1960,PRIVATE,81,43.6684734257,-79.4081015431
1960,PRIVATE,96,43.708089481,-79.410622668
1960,PRIVATE,94,43.685073908,-79.410731333
1960,PRIVATE,82,43.7031059337,-79.4169030631
1960,PRIVATE,85,43.681345773,-79.418137332
1960,PRIVATE,85,43.684203196,-79.4203922096
1960,PRIVATE,92,43.688002772,-79.420528429
1960,PRIVATE,96,43.6845316725,-79.420531395
1960,PRIVATE,87,43.703726864,-79.423164634
1960,PRIVATE,90,43.7387605679,-79.4255772221
1960,PRIVATE,70,43.65203632,-79.426145736
1960,PRIVATE,87,43.6369083236,-79.4291371749
1960,PRIVATE,87,43.6370716153,-79.4291933844
1960,PRIVATE,88,43.635361871,-79.429350661
1960,PRIVATE,87,43.723413773,-79.431088371
1960,PRIVATE,96,43.7238042937,-79.4313359616
1960,PRIVATE,96,43.7232330003,-79.4317060695
1960,PRIVATE,87,43.733381348,-79.432711537
1960,PRIVATE,87,43.7308134722,-79.4346272545
1960,PRIVATE,66,43.731762015,-79.434811008
1960,PRIVATE,83,43.732014889,-79.434846428
1960,PRIVATE,92,43.636950344,-79.43560797
1960,PRIVATE,88,43.63511061,-79.435653216
1960,PRIVATE,92,43.741815421,-79.4356700472
1960,PRIVATE,76,43.7305618491,-79.4356927596
1960,PRIVATE,87,43.635459046,-79.435749561
1960,PRIVATE,89,43.7422578587,-79.4357863772
1960,PRIVATE,94,43.6888376633,-79.435821172
1960,PRIVATE,74,43.635845468,-79.435931917
1960,PRIVATE,90,43.7565096904,-79.4367503453
1960,PRIVATE,97,43.6382736068,-79.4368190607
1960,PRIVATE,90,43.7306713451,-79.4374893371
1960,PRIVATE,91,43.6382286578,-79.4382671328
1960,PRIVATE,79,43.731679003,-79.438369878
1960,PRIVATE,92,43.7023772418,-79.439257763
1960,PRIVATE,75,43.736011622,-79.439339913
1960,PRIVATE,77,43.636122132,-79.439605046
1960,PRIVATE,97,43.7009946331,-79.4402809991
1960,PRIVATE,85,43.701234202,-79.441021952
1961,PRIVATE,95,43.765315672,-79.184493788
1961,PRIVATE,96,43.766129136,-79.184866277
1961,PRIVATE,79,43.744527226,-79.2154577667
1961,PRIVATE,86,43.7194706389,-79.2404320451
1961,PRIVATE,85,43.7346483486,-79.268437993
1961,PRIVATE,75,43.7351335266,-79.2685742385
1961,PRIVATE,77,43.740395354,-79.270793343
1961,PRIVATE,84,43.7290106156,-79.2769309728
1961,PRIVATE,86,43.694890667,-79.293643202
1961,PRIVATE,95,43.695029178,-79.294709895
1961,PRIVATE,86,43.6721092112,-79.3028387259
1961,PRIVATE,88,43.7431036198,-79.3070051699
1961,PRIVATE,84,43.7402910045,-79.3084921125
1961,PRIVATE,78,43.741069981,-79.31303466
1961,PRIVATE,95,43.7454519682,-79.3263683748
1961,PRIVATE,91,43.729295625,-79.340139051
1961,PRIVATE,95,43.73018689,-79.340902799
1961,PRIVATE,86,43.732886366,-79.347858504
1961,PRIVATE,100,43.6899236316,-79.3498848765
1961,PRIVATE,98,43.689440499,-79.350037635
1961,PRIVATE,100,43.6898006862,-79.3508860504
1961,PRIVATE,90,43.714028439,-79.364118503
1961,PRIVATE,99,43.713064828,-79.390947556
1961,PRIVATE,85,43.656154864,-79.391432951
1961,PRIVATE,88,43.709038236,-79.395336521
1961,PRIVATE,74,43.668763043,-79.406936141
1961,PRIVATE,90,43.708279246,-79.410640011
1961,PRIVATE,87,43.705350718,-79.424543299
1961,PRIVATE,94,43.7553047616,-79.436948304
1961,PRIVATE,89,43.774699028,-79.440090341
1962,PRIVATE,89,43.7587421,-79.2223171477
1962,PRIVATE,92,43.759036474,-79.231672415
1962,PRIVATE,93,43.7587707758,-79.2323786593
1962,PRIVATE,91,43.7242519745,-79.2657615108
1962,PRIVATE,99,43.706720954,-79.294444552
1962,PRIVATE,80,43.7071746852,-79.2972112317
1962,PRIVATE,93,43.7433508938,-79.3059187753
1962,PRIVATE,71,43.722615158,-79.306619676
1962,PRIVATE,90,43.7270242372,-79.315596986
1962,PRIVATE,81,43.7607627903,-79.3217087274
1962,PRIVATE,85,43.7601853527,-79.3232568581
1962,PRIVATE,96,43.74157075,-79.328070218
1962,PRIVATE,99,43.7414398255,-79.3292349773
1962,PRIVATE,87,43.761230364,-79.335262791
1962,PRIVATE,89,43.737103926,-79.342018814
1962,PRIVATE,82,43.702195489,-79.343701311
1962,PRIVATE,93,43.6902830528,-79.3461159995
1962,PRIVATE,84,43.733390855,-79.347625086
1962,PRIVATE,97,43.688134959,-79.353601113
1962,PRIVATE,86,43.6962315888,-79.3689911694
1962,PRIVATE,87,43.697934721,-79.38501268
1962,PRIVATE,97,43.709092255,-79.385527223
1962,PRIVATE,99,43.7610374702,-79.3915028226
1962,PRIVATE,92,43.7604036514,-79.3924866908
1962,PRIVATE,83,43.7611222484,-79.3926873718
1962,PRIVATE,93,43.694565913,-79.396863246
1962,PRIVATE,78,43.689996633,-79.411502636
1962,PRIVATE,83,43.689658208,-79.413490669
1962,PRIVATE,96,43.7037098752,-79.4222136695
1962,PRIVATE,90,43.703946444,-79.424475355
1962,PRIVATE,82,43.634604022,-79.426092351
1962,PRIVATE,86,43.635752524,-79.429340078
1962,PRIVATE,95,43.634377833,-79.434675684
1962,PRIVATE,91,43.639820653,-79.4374576953
1962,PRIVATE,96,43.7567677733,-79.4380041027
1963,PRIVATE,84,43.7589413888,-79.2213676768
1963,PRIVATE,85,43.739359679,-79.2426271
1963,PRIVATE,79,43.7393268153,-79.2437802418
1963,PRIVATE,96,43.724969646,-79.2748142214
1963,PRIVATE,100,43.7399748227,-79.308126745
1963,PRIVATE,92,43.7587471272,-79.319372054
1963,PRIVATE,96,43.7408614769,-79.3286037917
1963,PRIVATE,91,43.759908428,-79.3335295503
1963,PRIVATE,92,43.7371481492,-79.3412586289
1963,PRIVATE,93,43.688689178,-79.354108641
1963,PRIVATE,94,43.666135292,-79.380264257
1963,PRIVATE,90,43.667962528,-79.382564773
1963,PRIVATE,91,43.7096507139,-79.3826287128
1963,PRIVATE,96,43.709736351,-79.391538167
1963,PRIVATE,89,43.710193367,-79.394707661
1963,PRIVATE,91,43.705600128,-79.395221028
1963,PRIVATE,90,43.751505712,-79.402827155
1963,PRIVATE,87,43.7525712767,-79.4059855057
1963,PRIVATE,87,43.685922856,-79.406920969
1963,PRIVATE,97,43.7883911434,-79.4180400688
1963,PRIVATE,87,43.6836557014,-79.4214673851
1963,PRIVATE,94,43.6370713769,-79.4279645858
1964,PRIVATE,77,43.7414399001,-79.231653804
1964,PRIVATE,88,43.7209375824,-79.2430985709
1964,PRIVATE,90,43.7404592839,-79.2437182596
1964,PRIVATE,79,43.7552486601,-79.2439639688
1964,PRIVATE,95,43.7305583723,-79.2723812981
1964,PRIVATE,91,43.6861001378,-79.2821331164
1964,PRIVATE,93,43.706999577,-79.294868767
1964,PRIVATE,90,43.7328848087,-79.3055213856
1964,PRIVATE,43,43.7423318181,-79.3064455289
1964,PRIVATE,69,43.7404974664,-79.3102350058
1964,PRIVATE,98,43.762813962,-79.316783785
1964,PRIVATE,63,43.675371432,-79.31815704
1964,PRIVATE,95,43.719032697,-79.329817672
1964,PRIVATE,85,43.7190096,-79.330401851
1964,PRIVATE,95,43.7601779836,-79.3325640814
1964,PRIVATE,88,43.702592381,-79.342924935
1964,PRIVATE,74,43.701969776,-79.345105079
1964,PRIVATE,91,43.6898019641,-79.3535830039
1964,PRIVATE,94,43.671082603,-79.371532819
1964,PRIVATE,91,43.670488769,-79.371608932
1964,PRIVATE,89,43.7101170493,-79.3836293624
1964,PRIVATE,85,43.706670217,-79.39061631
1964,PRIVATE,90,43.70953529,-79.392399206
1964,PRIVATE,98,43.711401489,-79.396765679
1964,PRIVATE,91,43.688796383,-79.397757165
1964,PRIVATE,77,43.711076734,-79.397812745
1964,PRIVATE,89,43.7039163389,-79.4253300731
1964,PRIVATE,97,43.6371520569,-79.427091443
1964,PRIVATE,79,43.734306073,-79.433720291
1964,PRIVATE,72,43.7478559496,-79.4370573738
1965,PRIVATE,80,43.7449791335,-79.2174778122
1965,PRIVATE,91,43.7413605871,-79.2245308289
1965,PRIVATE,99,43.7399757697,-79.2395009689
1965,PRIVATE,92,43.7212204138,-79.242301179
1965,PRIVATE,90,43.7457790355,-79.2618378505
1965,PRIVATE,94,43.731893112,-79.272217382
1965,PRIVATE,71,43.672197738,-79.290890222
1965,PRIVATE,79,43.747732393,-79.310648196
1965,PRIVATE,94,43.753301871,-79.314659512
1965,PRIVATE,88,43.7619582699,-79.3238669393
1965,PRIVATE,56,43.671588843,-79.324094142
1965,PRIVATE,74,43.6898618221,-79.3309441694
1965,PRIVATE,91,43.754645001,-79.333436109
1965,PRIVATE,91,43.7395217352,-79.342024827
1965,PRIVATE,90,43.739250167,-79.3428089774
1965,PRIVATE,94,43.7386011415,-79.3432263203
1965,PRIVATE,93,43.739178679,-79.3433554999
1965,PRIVATE,74,43.70045036,-79.344507259
1965,PRIVATE,91,43.77494536,-79.344585933
1965,PRIVATE,96,43.689950359,-79.345087457
1965,PRIVATE,89,43.7801532474,-79.3463837726
1965,PRIVATE,92,43.7822996863,-79.3478742316
1965,PRIVATE,96,43.7777340882,-79.3489814239
1965,PRIVATE,85,43.6904194773,-79.350649972
1965,PRIVATE,92,43.688894585,-79.352727757
1965,PRIVATE,96,43.6790036577,-79.3612885228
1965,PRIVATE,96,43.6976143504,-79.3716799058
1965,PRIVATE,93,43.7157230263,-79.377538515
1965,PRIVATE,98,43.665071449,-79.379678542
1965,PRIVATE,96,43.667777746,-79.383098557
1965,PRIVATE,84,43.709548032,-79.3831759737
1965,PRIVATE,91,43.715497508,-79.391238223
1965,PRIVATE,97,43.697956512,-79.392129599
1965,PRIVATE,89,43.675673246,-79.392857876
1965,PRIVATE,90,43.693337997,-79.396456433
1965,PRIVATE,92,43.684495214,-79.4010047716
1965,PRIVATE,84,43.7522249865,-79.4034227428
1965,PRIVATE,97,43.752982924,-79.40413326
1965,PRIVATE,100,43.6672444284,-79.4054073649
1965,PRIVATE,87,43.670080063,-79.405495723
1965,PRIVATE,91,43.666995001,-79.406173702
1965,PRIVATE,92,43.6862572017,-79.4205091035
1965,PRIVATE,87,43.706292347,-79.422652894
1965,PRIVATE,100,43.63512001,-79.428479032
1965,PRIVATE,93,43.6356226752,-79.4284981005
1965,PRIVATE,83,43.634517342,-79.428882498
1965,PRIVATE,91,43.6364200969,-79.4289537195
1965,PRIVATE,94,43.7246901673,-79.4304297831
1965,PRIVATE,79,43.733771348,-79.433653399
1965,PRIVATE,94,43.6376650671,-79.435751998
1965,PRIVATE,81,43.644918456,-79.435885913
1965,PRIVATE,93,43.6379977398,-79.4358904855
1965,PRIVATE,72,43.6389025378,-79.4370268337
1965,PRIVATE,81,43.7307766314,-79.4372931994
1965,PRIVATE,97,43.6363526451,-79.4380647269
1965,PRIVATE,84,43.702756083,-79.4397938426
1965,PRIVATE,91,43.7046374432,-79.440751474
1966,PRIVATE,85,43.7430013291,-79.1969715203
1966,PRIVATE,44,43.703305875,-79.298174928
1966,PRIVATE,83,43.7337528982,-79.3068920324
1966,PRIVATE,98,43.7350883959,-79.3075489719
1966,PRIVATE,80,43.6770075216,-79.3095598488
1966,PRIVATE,80,43.750896864,-79.31418886
1966,PRIVATE,87,43.743508705,-79.31620178
1966,PRIVATE,88,43.7543911907,-79.3162260546
1966,PRIVATE,65,43.7151786936,-79.3352789539
1966,PRIVATE,88,43.705284648,-79.341449141
1966,PRIVATE,86,43.7061382965,-79.341500497
1966,PRIVATE,91,43.7346398069,-79.3419288019
1966,PRIVATE,89,43.7793188069,-79.3498546485
1966,PRIVATE,98,43.7798043698,-79.3506939201
1966,PRIVATE,88,43.6883007663,-79.3508994916
1966,PRIVATE,91,43.666302583,-79.37532155
1966,PRIVATE,84,43.651457871,-79.39239786
1966,PRIVATE,100,43.697351445,-79.394993963
1966,PRIVATE,83,43.669133539,-79.405620062
1966,PRIVATE,99,43.771150914,-79.414752626
1966,PRIVATE,97,43.770932219,-79.415667206
1966,PRIVATE,88,43.755642859,-79.4356157794
1966,PRIVATE,90,43.7485751194,-79.437302788
1967,PRIVATE,91,43.7661120765,-79.200010227
1967,PRIVATE,92,43.751490726,-79.2033413635
1967,PRIVATE,96,43.7353054239,-79.2199852938
1967,PRIVATE,91,43.774364871,-79.231567533
1967,PRIVATE,87,43.7409655734,-79.2446148639
1967,PRIVATE,92,43.7129086078,-79.2474811669
1967,PRIVATE,90,43.7676449772,-79.2698659258
1967,PRIVATE,93,43.760392359,-79.323756495
1967,PRIVATE,97,43.7604975469,-79.3303911493
1967,PRIVATE,93,43.7517314,-79.331966044
1967,PRIVATE,85,43.717178707,-79.332997055
1967,PRIVATE,90,43.759658618,-79.3350153122
1967,PRIVATE,85,43.7606174266,-79.3350540559
1967,PRIVATE,65,43.717205556,-79.336050418
1967,PRIVATE,72,43.7034875556,-79.3402691534
1967,PRIVATE,92,43.7741358989,-79.3429451779
1967,PRIVATE,89,43.7688139457,-79.3473075283
1967,PRIVATE,90,43.7818416283,-79.3541987634
1967,PRIVATE,96,43.678107418,-79.360783756
1967,PRIVATE,97,43.688457232,-79.391167763
1967,PRIVATE,95,43.6857858,-79.391174558
1967,PRIVATE,96,43.7921587704,-79.3916718817
1967,PRIVATE,87,43.70588244,-79.3966793
1967,PRIVATE,79,43.671558224,-79.401099408
1967,PRIVATE,88,43.673975859,-79.403304934
1967,PRIVATE,85,43.686628503,-79.4207223391
1967,PRIVATE,86,43.6854489,-79.4209261641
1967,PRIVATE,67,43.757066149,-79.426922307
1967,PRIVATE,93,43.659713003,-79.429285039
1967,PRIVATE,95,43.635115128,-79.434882093
1967,PRIVATE,94,43.63765643,-79.4366087983
1967,PRIVATE,96,43.703280028,-79.438740603
1967,PRIVATE,94,43.7032932247,-79.4396796908
1967,PRIVATE,72,43.7038823265,-79.4401320066
1967,PRIVATE,91,43.7032633519,-79.4410303906
1968,PRIVATE,95,43.744688035,-79.218768113
1968,PRIVATE,93,43.729376377,-79.22688801
1968,PRIVATE,94,43.7813130122,-79.2295091754
1968,PRIVATE,96,43.713486559,-79.2466803233
1968,PRIVATE,92,43.7307518938,-79.2712141705
1968,PRIVATE,91,43.7134790514,-79.2732946837
1968,PRIVATE,93,43.7493270741,-79.2783368218
1968,PRIVATE,77,43.7475535553,-79.282547131
1968,PRIVATE,91,43.6965267454,-79.2862044067
1968,PRIVATE,86,43.7810845583,-79.2961863382
1968,PRIVATE,75,43.692368796,-79.302666418
1968,PRIVATE,61,43.699908301,-79.318033445
1968,PRIVATE,97,43.716768049,-79.331308961
1968,PRIVATE,93,43.75125271,-79.332754959
1968,PRIVATE,91,43.716007499,-79.3362261
1968,PRIVATE,94,43.702990612,-79.341462578
1968,PRIVATE,92,43.690536061,-79.344338641
1968,PRIVATE,81,43.763477245,-79.345900416
1968,PRIVATE,78,43.7806384694,-79.3474983213
1968,PRIVATE,90,43.7797579153,-79.3477938007
1968,PRIVATE,96,43.6884286813,-79.3499828306
1968,PRIVATE,96,43.7869738317,-79.3519406664
1968,PRIVATE,94,43.7808646264,-79.3539032407
1968,PRIVATE,97,43.673954035,-79.355447944
1968,PRIVATE,96,43.673936999,-79.356106294
1968,PRIVATE,96,43.669069472,-79.37171783
1968,PRIVATE,90,43.666545741,-79.379199316
1968,PRIVATE,72,43.6641619553,-79.3792187274
1968,PRIVATE,99,43.699208807,-79.390082204
1968,PRIVATE,95,43.7904933942,-79.3906931297
1968,PRIVATE,92,43.698071535,-79.391348866
1968,PRIVATE,80,43.669299729,-79.400091636
1968,PRIVATE,63,43.670727396,-79.401650658
1968,PRIVATE,89,43.706537983,-79.403386592
1968,PRIVATE,93,43.7939825101,-79.4198227886
1968,PRIVATE,92,43.658994583,-79.430040338
1968,PRIVATE,82,43.638981971,-79.431049799
1968,PRIVATE,86,43.635766683,-79.435140899
1969,PRIVATE,94,43.7534828961,-79.2626268384
1969,PRIVATE,86,43.7343403668,-79.2681240316
1969,PRIVATE,95,43.711075654,-79.270595187
1969,PRIVATE,71,43.7322696922,-79.2741030573
1969,PRIVATE,92,43.6922807906,-79.2871199966
1969,PRIVATE,70,43.7812689661,-79.2952353294
1969,PRIVATE,85,43.687299065,-79.300651307
1969,PRIVATE,85,43.7547279598,-79.3146445734
1969,PRIVATE,96,43.7273105049,-79.3250508572
1969,PRIVATE,92,43.7751212941,-79.3490805112
1969,PRIVATE,98,43.78732482,-79.350960418
1969,PRIVATE,99,43.682860253,-79.357706655
1969,PRIVATE,88,43.668417741,-79.370443646
1969,PRIVATE,99,43.6696118145,-79.3706631071
1969,PRIVATE,87,43.6708658247,-79.3728064407
1969,PRIVATE,89,43.709455686,-79.386891755
1969,PRIVATE,91,43.686997323,-79.391011464
1969,PRIVATE,70,43.673636335,-79.391647025
1969,PRIVATE,92,43.687585593,-79.392430262
1969,PRIVATE,95,43.712680401,-79.393055375
1969,PRIVATE,87,43.672709905,-79.40239631
1969,PRIVATE,84,43.671869216,-79.406368935
1969,PRIVATE,100,43.683892245,-79.412785124
1969,PRIVATE,95,43.740230303,-79.4225545935
1969,PRIVATE,86,43.732716826,-79.436724648
1970,PRIVATE,90,43.7620489485,-79.211440469
1970,PRIVATE,93,43.750117696,-79.220863337
1970,PRIVATE,95,43.7583695279,-79.2234312468
1970,PRIVATE,97,43.6751742383,-79.2785094053
1970,PRIVATE,89,43.6959726218,-79.2874840709
1970,PRIVATE,87,43.6991544673,-79.2978100309
1970,PRIVATE,87,43.7002035696,-79.2982003313
1970,PRIVATE,87,43.6989642067,-79.2987112919
1970,PRIVATE,74,43.668304546,-79.312459034
1970,PRIVATE,72,43.667724652,-79.31265581
1970,PRIVATE,68,43.6871475081,-79.3130882633
1970,PRIVATE,91,43.7880141404,-79.3320111395
1970,PRIVATE,89,43.7654302303,-79.3443358391
1970,PRIVATE,98,43.764613327,-79.345774526
1970,PRIVATE,96,43.7814235784,-79.3473574848
1970,PRIVATE,98,43.68928849,-79.350921858
1970,PRIVATE,99,43.688008152,-79.352232015
1970,PRIVATE,99,43.6890416008,-79.3545084305
1970,PRIVATE,90,43.754388627,-79.361675806
1970,PRIVATE,97,43.753559279,-79.362054281
1970,PRIVATE,96,43.765752783,-79.380070251
1970,PRIVATE,85,43.7709054792,-79.3819188744
1970,PRIVATE,87,43.768469253,-79.382764906
1970,PRIVATE,89,43.689146769,-79.390517749
1970,PRIVATE,83,43.65612393,-79.391880711
1970,PRIVATE,81,43.711262957,-79.3919924
1970,PRIVATE,91,43.71093654,-79.398471241
1970,PRIVATE,93,43.688473215,-79.399326038
1970,PRIVATE,75,43.651369768,-79.401162282
1970,PRIVATE,82,43.6667874217,-79.4051232115
1970,PRIVATE,83,43.6676214521,-79.4054920342
1970,PRIVATE,92,43.685713025,-79.407513555
1970,PRIVATE,95,43.645129722,-79.409810857
1970,PRIVATE,57,43.662511227,-79.417002758
1970,PRIVATE,97,43.786291194,-79.417827386
1970,PRIVATE,83,43.641662544,-79.434067394
1970,PRIVATE,96,43.792827996,-79.441654119
1971,PRIVATE,83,43.7006703636,-79.2528221569
1971,PRIVATE,81,43.7001107344,-79.2530513006
1971,PRIVATE,86,43.700017847,-79.2530664991
1971,PRIVATE,93,43.726046622,-79.265909548
1971,PRIVATE,90,43.729677828,-79.276229104
1971,PRIVATE,90,43.681735253,-79.281298195
1971,PRIVATE,99,43.7707832946,-79.2843673903
1971,PRIVATE,87,43.695136718,-79.290535808
1971,PRIVATE,82,43.695648592,-79.291287219
1971,PRIVATE,88,43.695055074,-79.291784761
1971,PRIVATE,94,43.6985479321,-79.2974887076
1971,PRIVATE,87,43.6983104689,-79.2983347125
1971,PRIVATE,89,43.7829393273,-79.2995706265
1971,PRIVATE,84,43.687596199,-79.301189477
1971,PRIVATE,88,43.693121262,-79.301596009
1971,PRIVATE,83,43.7072324001,-79.3412260815
1971,PRIVATE,83,43.7762509604,-79.3486061826
1971,PRIVATE,92,43.683273425,-79.357525834
1971,PRIVATE,97,43.8022250044,-79.3928562051
1971,PRIVATE,97,43.8026375756,-79.3940419226
1971,PRIVATE,93,43.657554668,-79.43400594
1971,PRIVATE,89,43.691627521,-79.434491531
1972,PRIVATE,92,43.7707432757,-79.1878549542
1972,PRIVATE,91,43.7878204,-79.197530467
1972,PRIVATE,92,43.7620164362,-79.2173016754
1972,PRIVATE,97,43.7315303371,-79.2739396307
1972,PRIVATE,98,43.6998540886,-79.2849399311
1972,PRIVATE,98,43.7005263633,-79.285525406
1972,PRIVATE,96,43.7723180506,-79.2859346865
1972,PRIVATE,92,43.7874657527,-79.331069436
1972,PRIVATE,81,43.663569575,-79.357948805
1972,PRIVATE,95,43.712248415,-79.395183727
1973,PRIVATE,95,43.6865969215,-79.3555102879
1973,PRIVATE,88,43.659649469,-79.373395124
1973,PRIVATE,99,43.671614503,-79.378728034
1973,PRIVATE,99,43.698386597,-79.394920593
1974,PRIVATE,91,43.7117373497,-79.2708469323
1974,PRIVATE,95,43.6995418332,-79.2767370484
1974,PRIVATE,97,43.771912239,-79.287922032
1974,PRIVATE,95,43.7824433575,-79.2956106966
1974,PRIVATE,87,43.7836229712,-79.2962340967
1974,PRIVATE,92,43.7934585291,-79.315225557
1974,PRIVATE,90,43.7947061514,-79.315638344
1974,PRIVATE,93,43.794252697,-79.3168863935
1974,PRIVATE,98,43.7949706591,-79.3170591991
1974,PRIVATE,81,43.7682616864,-79.348101055
1974,PRIVATE,91,43.7614984852,-79.3630422116
1974,PRIVATE,87,43.709758914,-79.401471688
1974,PRIVATE,91,43.7080949776,-79.4275758961
1974,PRIVATE,91,43.732436835,-79.433531915
1975,PRIVATE,88,43.8038619612,-79.1641599515
1975,PRIVATE,88,43.8035984436,-79.1642967087
1975,PRIVATE,96,43.8046874624,-79.1658225399
1975,PRIVATE,93,43.8046081727,-79.1661290396
1975,PRIVATE,94,43.8043562465,-79.1670746426
1975,PRIVATE,92,43.804310025,-79.1674004939
1975,PRIVATE,93,43.8042493963,-79.1676352467
1975,PRIVATE,81,43.7631364672,-79.2079803013
1975,PRIVATE,91,43.667643942,-79.383679432
1975,PRIVATE,94,43.762630954,-79.409754662
1975,PRIVATE,97,43.682302793,-79.418485676
1975,PRIVATE,97,43.7309298534,-79.4365851209
1976,PRIVATE,98,43.736752064,-79.2186571
1976,PRIVATE,95,43.7359730644,-79.2190996441
1976,PRIVATE,95,43.7263188872,-79.326226049
1976,PRIVATE,85,43.763239637,-79.409191362
1977,PRIVATE,82,43.749222652,-79.2207962727
1977,PRIVATE,88,43.678280098,-79.31012923
1977,PRIVATE,91,43.668558227,-79.374829965
1977,PRIVATE,96,43.667772301,-79.389524395
1977,PRIVATE,91,43.634755045,-79.435435459
1978,PRIVATE,84,43.801480967,-79.302703022
1978,PRIVATE,82,43.670031447,-79.375487343
1978,PRIVATE,78,43.6377806623,-79.4379497225
1979,PRIVATE,92,43.786028954,-79.204498435
1979,PRIVATE,90,43.807671204,-79.271262134
1979,PRIVATE,89,43.807552003,-79.272681054
1979,PRIVATE,88,43.6712768014,-79.3809034624
1979,PRIVATE,95,43.662134169,-79.381792776
1979,PRIVATE,95,43.664890999,-79.383181646
1979,PRIVATE,83,43.6411898546,-79.4371749359
1980,PRIVATE,84,43.7097824646,-79.3100193403
1980,PRIVATE,98,43.651581464,-79.374057609
1980,PRIVATE,53,43.683765055,-79.391818533
1980,PRIVATE,92,43.69971567,-79.430311152
1981,PRIVATE,88,43.6676849352,-79.3890195894
1982,PRIVATE,88,43.6992222546,-79.2778348112
1982,PRIVATE,94,43.726050381,-79.304738793
1985,PRIVATE,62,43.654019244,-79.397253793
1985,PRIVATE,100,43.7801894874,-79.4110962225
1986,PRIVATE,80,43.688818076,-79.350241642
1986,PRIVATE,96,43.79254847,-79.39077874
1986,PRIVATE,89,43.68453315,-79.391046883
1990,PRIVATE,54,43.681057003,-79.346091874
1992,PRIVATE,96,43.662740116,-79.417400109
1996,PRIVATE,89,43.698770876,-79.397276935
1999,PRIVATE,96,43.698094964,-79.388000701
2003,PRIVATE,99,43.7649957319,-79.4142574762
2005,PRIVATE,97,43.654429184,-79.375957925
2005,PRIVATE,96,43.72220914,-79.413411185
2005,PRIVATE,98,43.738917845,-79.4348039821
2006,PRIVATE,90,43.7753760756,-79.3407074848
2006,PRIVATE,99,43.702716704,-79.373724977
2007,PRIVATE,96,43.6599201905,-79.3793368695
2007,PRIVATE,92,43.669438916,-79.405207226
2008,PRIVATE,96,43.71127211,-79.394418315
2008,PRIVATE,91,43.661847513,-79.429314532
2010,PRIVATE,96,43.775389788,-79.343955146
2010,PRIVATE,99,43.713278683,-79.392327192
2010,PRIVATE,95,43.7061847,-79.393224881
2010,PRIVATE,99,43.757534101,-79.404979514
2012,PRIVATE,100,43.77626173,-79.320962704
2013,PRIVATE,90,43.717812062,-79.330538523
2013,PRIVATE,99,43.774618023,-79.343572185
2013,PRIVATE,99,43.654807461,-79.365773301
2015,PRIVATE,97,43.774094874,-79.341793943
2015,PRIVATE,99,43.709676333,-79.388685206
2015,PRIVATE,99,43.6853118353,-79.4144239839
2016,PRIVATE,96,43.650010077,-79.433231873
2017,PRIVATE,100,43.668109286,-79.390826378
2018,PRIVATE,100,43.671146181,-79.376964829
2018,PRIVATE,97,43.658443735,-79.383996717
2018,PRIVATE,97,43.6841957137,-79.4209646641
2019,PRIVATE,96,43.709314834,-79.399752855
2019,PRIVATE,98,43.641956672,-79.400830248
2019,PRIVATE,99,43.676576116,-79.40668972
2020,PRIVATE,98,43.763392611,-79.410156052
2021,PRIVATE,100,43.666895137,-79.384772592
2021,PRIVATE,99,43.6582941155,-79.4007531385
2021,PRIVATE,99,43.638981358,-79.409542284
2021,PRIVATE,98,43.639152469,-79.410262481
2021,PRIVATE,98,43.671532497,-79.423931124
2022,PRIVATE,100,43.644956232,-79.394471437
1900,PRIVATE,60,43.670502765,-79.296702565
1900,PRIVATE,80,43.7081344866,-79.3018433113
1900,PRIVATE,79,43.672476824,-79.322298173
1900,PRIVATE,78,43.651593328,-79.390062452
1900,PRIVATE,76,43.64673173,-79.40357889
1900,PRIVATE,79,43.640614384,-79.437848643
1900,PRIVATE,79,43.731796593,-79.437939362
1900,PRIVATE,75,43.7749913097,-79.439415264
1885,SOCIAL HOUSING,92,43.656179273,-79.40360132
1891,SOCIAL HOUSING,92,43.663410889,-79.361416269
1900,SOCIAL HOUSING,88,43.653659388,-79.372693049
1916,SOCIAL HOUSING,79,43.682380018,-79.417661578
1929,SOCIAL HOUSING,89,43.6862643144,-79.4217422251
1930,SOCIAL HOUSING,69,43.6830936206,-79.4174370824
1940,SOCIAL HOUSING,88,43.6831736405,-79.3030579348
1950,SOCIAL HOUSING,89,43.678922769,-79.313487777
1950,SOCIAL HOUSING,84,43.666756229,-79.345630285
1953,SOCIAL HOUSING,98,43.7207918778,-79.2435210688
1959,SOCIAL HOUSING,84,43.670497618,-79.313073089
1960,SOCIAL HOUSING,86,43.653817451,-79.40412163
1967,SOCIAL HOUSING,87,43.665354191,-79.344850167
1972,SOCIAL HOUSING,81,43.675546866,-79.398129089
1975,SOCIAL HOUSING,82,43.7960933089,-79.3168137535
1975,SOCIAL HOUSING,75,43.7031497325,-79.3474623763
1978,SOCIAL HOUSING,99,43.740755193,-79.246090296
1980,SOCIAL HOUSING,96,43.649402507,-79.362697005
1981,SOCIAL HOUSING,96,43.7409528435,-79.2252456452
1982,SOCIAL HOUSING,96,43.7883475227,-79.2401308981
1983,SOCIAL HOUSING,89,43.6779324239,-79.3299297782
1985,SOCIAL HOUSING,86,43.7602553262,-79.1959527881
1985,SOCIAL HOUSING,93,43.759407247,-79.196109696
1985,SOCIAL HOUSING,89,43.7043074064,-79.3469915731
1987,SOCIAL HOUSING,87,43.7328892774,-79.3065969199
1987,SOCIAL HOUSING,81,43.680516169,-79.310280727
1987,SOCIAL HOUSING,94,43.657882233,-79.348395465
1987,SOCIAL HOUSING,76,43.662252242,-79.406937302
1988,SOCIAL HOUSING,82,43.688308838,-79.302553095
1988,SOCIAL HOUSING,99,43.6594297929,-79.3361462421
1988,SOCIAL HOUSING,86,43.6582200015,-79.3706451728
1988,SOCIAL HOUSING,90,43.663437479,-79.373585563
1989,SOCIAL HOUSING,97,43.66973086,-79.318265969
1989,SOCIAL HOUSING,95,43.663675162,-79.321078637
1989,SOCIAL HOUSING,82,43.678997338,-79.321136292
1989,SOCIAL HOUSING,92,43.7332472948,-79.3395613564
1989,SOCIAL HOUSING,94,43.658208709,-79.340792813
1989,SOCIAL HOUSING,83,43.662679383,-79.421476232
1990,SOCIAL HOUSING,67,43.66557523,-79.321020795
1990,SOCIAL HOUSING,99,43.679932553,-79.3224960568
1991,SOCIAL HOUSING,97,43.6831806444,-79.3230461793
1991,SOCIAL HOUSING,97,43.659070087,-79.366469562
1991,SOCIAL HOUSING,84,43.662450948,-79.368026345
1991,SOCIAL HOUSING,87,43.658739683,-79.370207308
1992,SOCIAL HOUSING,92,43.79845735,-79.149242668
1992,SOCIAL HOUSING,91,43.798928736,-79.149462154
1992,SOCIAL HOUSING,95,43.798355204,-79.149608006
1992,SOCIAL HOUSING,95,43.799334653,-79.149625429
1992,SOCIAL HOUSING,89,43.79936022,-79.150044554
1992,SOCIAL HOUSING,93,43.799771853,-79.150262267
1992,SOCIAL HOUSING,97,43.7393701329,-79.2153343914
1992,SOCIAL HOUSING,92,43.7294157081,-79.2774083068
1992,SOCIAL HOUSING,95,43.688688452,-79.296041897
1992,SOCIAL HOUSING,83,43.6876986854,-79.3490675447
1992,SOCIAL HOUSING,98,43.7782172975,-79.4059349081
1993,SOCIAL HOUSING,91,43.7470832962,-79.2854390765
1993,SOCIAL HOUSING,95,43.81394308,-79.290219554
1993,SOCIAL HOUSING,94,43.662057505,-79.336781488
1993,SOCIAL HOUSING,95,43.668855304,-79.375727382
1993,SOCIAL HOUSING,91,43.706341783,-79.396911955
1993,SOCIAL HOUSING,91,43.675421215,-79.413941928
1994,SOCIAL HOUSING,95,43.767932495,-79.197118281
1994,SOCIAL HOUSING,96,43.702657978,-79.297997207
1994,SOCIAL HOUSING,92,43.7613478406,-79.323202558
1994,SOCIAL HOUSING,96,43.671581656,-79.326317755
1994,SOCIAL HOUSING,91,43.662245802,-79.378638162
1994,SOCIAL HOUSING,57,43.6499453573,-79.411506674
1995,SOCIAL HOUSING,86,43.669807539,-79.31766252
1995,SOCIAL HOUSING,83,43.663039249,-79.32501186
1995,SOCIAL HOUSING,91,43.656507705,-79.378143229
1996,SOCIAL HOUSING,90,43.66049693,-79.336536519
1996,SOCIAL HOUSING,93,43.787109972,-79.415408659
1996,SOCIAL HOUSING,93,43.78632826,-79.41887979
1997,SOCIAL HOUSING,87,43.647312711,-79.372960844
2002,SOCIAL HOUSING,97,43.677485169,-79.320862391
2002,SOCIAL HOUSING,93,43.680785833,-79.334088523
2004,SOCIAL HOUSING,87,43.690476097,-79.342379981
2005,SOCIAL HOUSING,98,43.807586521,-79.21678105
2005,SOCIAL HOUSING,93,43.654513754,-79.366669531
2005,SOCIAL HOUSING,95,43.658372351,-79.367849536
2005,SOCIAL HOUSING,94,43.645573462,-79.402433707
2007,SOCIAL HOUSING,92,43.68964725,-79.296194031
2009,SOCIAL HOUSING,82,43.6870772647,-79.4223633104
2011,SOCIAL HOUSING,86,43.656141544,-79.386162853
2012,SOCIAL HOUSING,97,43.6901052164,-79.3416209783
2012,SOCIAL HOUSING,85,43.65908018,-79.366823235
2016,SOCIAL HOUSING,98,43.691279311,-79.286865733
2016,SOCIAL HOUSING,98,43.653300151,-79.35672646
,SOCIAL HOUSING,87,43.656497402,-79.385911624
1948,TCHC,81,43.66223715,-79.361553726
1954,TCHC,26,43.674784253,-79.307317148
1954,TCHC,87,43.710473457,-79.391890313
1955,TCHC,92,43.672335957,-79.305154005
1956,TCHC,86,43.710430484,-79.397121509
1960,TCHC,81,43.682986595,-79.311994302
1961,TCHC,96,43.664245507,-79.359845026
1961,TCHC,81,43.662525313,-79.371459917
1962,TCHC,92,43.7029523574,-79.2810286285
1962,TCHC,79,43.68051548,-79.292110495
1964,TCHC,87,43.705953312,-79.279044598
1964,TCHC,96,43.703580346,-79.279521109
1964,TCHC,83,43.656446656,-79.365424701
1964,TCHC,79,43.65586332,-79.366647156
1964,TCHC,92,43.655849077,-79.367907347
1965,TCHC,98,43.6658597162,-79.3160434122
1966,TCHC,84,43.717195772,-79.300999236
1967,TCHC,37,43.684753015,-79.295439716
1967,TCHC,86,43.7155652564,-79.3046724013
1968,TCHC,89,43.7145219871,-79.2681489006
1968,TCHC,90,43.650817742,-79.40050764
1969,TCHC,74,43.7624910264,-79.2104930971
1969,TCHC,87,43.726760854,-79.263575088
1969,TCHC,87,43.72687441,-79.265289789
1969,TCHC,71,43.695629657,-79.302310982
1969,TCHC,85,43.668827347,-79.373701881
1969,TCHC,93,43.669381383,-79.37437191
1970,TCHC,83,43.7630131413,-79.2041400469
1970,TCHC,73,43.7631593909,-79.2047559
1970,TCHC,79,43.763475642,-79.2053061322
1970,TCHC,75,43.760034357,-79.229764837
1970,TCHC,87,43.759551821,-79.230166356
1970,TCHC,93,43.7365696854,-79.255181683
1970,TCHC,88,43.7142950675,-79.2692166242
1970,TCHC,80,43.668054223,-79.373657702
1970,TCHC,95,43.78785777,-79.408640775
1971,TCHC,85,43.787815708,-79.196116635
1971,TCHC,86,43.7808585866,-79.2318241185
1971,TCHC,77,43.779266937,-79.323413406
1971,TCHC,77,43.778310557,-79.323533534
1971,TCHC,91,43.7927282049,-79.3578376974
1971,TCHC,94,43.792308051,-79.35878168
1972,TCHC,91,43.7671070711,-79.1850076952
1972,TCHC,79,43.767386062,-79.193922136
1972,TCHC,77,43.76703953,-79.195497441
1972,TCHC,95,43.726764513,-79.250888477
1972,TCHC,82,43.726954137,-79.252290284
1972,TCHC,88,43.73164966,-79.277903946
1972,TCHC,87,43.663061381,-79.357756445
1973,TCHC,97,43.662107374,-79.351676246
1973,TCHC,81,43.790919576,-79.368770753
1973,TCHC,83,43.791143455,-79.368819925
1973,TCHC,86,43.790476393,-79.369185506
1973,TCHC,92,43.6555922823,-79.3695219097
1973,TCHC,82,43.790397172,-79.369820172
1973,TCHC,81.1,43.791324582,-79.369928562
1974,TCHC,83,43.7679927406,-79.185350274
1974,TCHC,84,43.7672342065,-79.1888137161
1974,TCHC,96,43.768124338,-79.415525902
1975,TCHC,94,43.7820250882,-79.291608709
1975,TCHC,96,43.776693031,-79.319134202
1975,TCHC,91,43.659278057,-79.371049668
1977,TCHC,96,43.7599953268,-79.2217974394
1977,TCHC,91,43.6847713094,-79.4220013405
1978,TCHC,83,43.657174343,-79.370798412
1979,TCHC,94,43.7204681732,-79.2391056557
1979,TCHC,91,43.793883909,-79.351291535
1979,TCHC,87,43.64755666,-79.370208586
1979,TCHC,91,43.650231675,-79.391500138
1979,TCHC,90,43.656896921,-79.40179055
1980,TCHC,95,43.7362667002,-79.253868081
1980,TCHC,94,43.7366529492,-79.2546800304
1980,TCHC,95,43.810377963,-79.36147583
1980,TCHC,79,43.646859159,-79.369670022
1980,TCHC,90,43.658579323,-79.370659613
1980,TCHC,91,43.664421836,-79.37226324
1980,TCHC,90,43.667014568,-79.400772812
1981,TCHC,91,43.708023913,-79.394575153
1982,TCHC,91,43.648589687,-79.366782746
1982,TCHC,96,43.6499749234,-79.3684698144
1983,TCHC,91,43.646717897,-79.374036398
1983,TCHC,96,43.7088453,-79.3898544426
1984,TCHC,99,43.657342412,-79.357649785
1984,TCHC,90,43.671910844,-79.38519572
1985,TCHC,81,43.657081225,-79.361524441
1985,TCHC,90,43.6591023749,-79.3763412035
1985,TCHC,85,43.657352303,-79.382931903
1986,TCHC,94,43.6896562892,-79.3419083036
1986,TCHC,77,43.65837995,-79.373485597
1986,TCHC,89,43.7759712605,-79.4152224497
1987,TCHC,83,43.714039592,-79.39939307
1988,TCHC,87,43.681226942,-79.329929684
1989,TCHC,85,43.6792629925,-79.3201512401
1989,TCHC,94,43.6771456368,-79.3445056015
1989,TCHC,97,43.668341436,-79.402632539
1989,TCHC,92,43.655689409,-79.414956252
1990,TCHC,88,43.727328178,-79.402054418
1991,TCHC,90,43.651211633,-79.390479351
1992,TCHC,70,43.67824727,-79.302446163
1993,TCHC,97,43.8084247156,-79.2179866009
1993,TCHC,84,43.6797322246,-79.3217059206
1993,TCHC,74,43.662426775,-79.336914688
1993,TCHC,89,43.648548433,-79.370253431
1993,TCHC,97,43.662777073,-79.378607344
1993,TCHC,87,43.652192629,-79.396788053
1993,TCHC,92,43.680639688,-79.418058669
1994,TCHC,86,43.6579290015,-79.3745956527
1994,TCHC,84,43.6656354324,-79.386388138
2006,TCHC,83,43.662770772,-79.35927116
2006,TCHC,81,43.662405994,-79.360720129
2006,TCHC,89,43.649017812,-79.367964945
2008,TCHC,98,43.660237712,-79.353034249
2009,TCHC,90,43.660308626,-79.363369137
2009,TCHC,90,43.660500875,-79.36342677
2009,TCHC,89,43.65255869,-79.365341193
2010,TCHC,94,43.662285791,-79.378210701
2014,TCHC,97,43.656334944,-79.356596199
1900,TCHC,94,43.7363547745,-79.2538980653